{
  "results": [
    {
      "command": "1,",
      "mean": 0.01233886822666667,
      "stddev": 0.004189497717307425,
      "median": 0.009750516360000001,
      "user": 0.2175993466666667,
      "system": 0.004466653333333333,
      "min": 0.00851382636,
      "max": 0.021916959360000002,
      "times": [
        0.00883730536,
        0.01507158136,
        0.00851382636,
        0.009093286360000001,
        0.009750516360000001,
        0.00910096636,
        0.008877916360000002,
        0.014265822360000001,
        0.013548920360000001,
        0.00888748536,
        0.00926271736,
        0.01895234636,
        0.01487963236,
        0.021916959360000002,
        0.014123741360000002
      ],
      "exit_codes": [
        0,
        0,
        0,
        0,
        0,
        0,
        0,
        0,
        0,
        0,
        0,
        0,
        0,
        0,
        0
      ]
    },
    {
      "command": "2,",
      "mean": 0.01920843828307692,
      "stddev": 0.009941494265972775,
      "median": 0.01540222336,
      "user": 0.347329756923077,
      "system": 0.011393873846153842,
      "min": 0.010494448360000002,
      "max": 0.04301668136,
      "times": [
        0.03095558836,
        0.04301668136,
        0.015217232360000001,
        0.010947208360000002,
        0.01110483836,
        0.010848328360000001,
        0.01611655336,
        0.02090372836,
        0.01540222336,
        0.03107221836,
        0.01502977236,
        0.01860087636,
        0.010494448360000002
      ],
      "exit_codes": [
        0,
        0,
        0,
        0,
        0,
        0,
        0,
        0,
        0,
        0,
        0,
        0,
        0
      ]
    },
    {
      "command": "4,",
      "mean": 0.02574269878857143,
      "stddev": 0.016705823583830538,
      "median": 0.01823036086,
      "user": 0.5156908228571428,
      "system": 0.005655505714285713,
      "min": 0.015488093360000002,
      "max": 0.07752982536,
      "times": [
        0.01701201436,
        0.02254018936,
        0.01691429436,
        0.03833297536,
        0.01807589536,
        0.07752982536,
        0.03396830136,
        0.01838482636,
        0.01598359336,
        0.01634183336,
        0.015488093360000002,
        0.03220573936,
        0.01598069336,
        0.02163950836
      ],
      "exit_codes": [
        0,
        0,
        0,
        0,
        0,
        0,
        0,
        0,
        0,
        0,
        0,
        0,
        0,
        0
      ]
    },
    {
      "command": "8,",
      "mean": 0.03399494143692308,
      "stddev": 0.005210313480425651,
      "median": 0.034132581360000004,
      "user": 0.715333603076923,
      "system": 0.009821104615384614,
      "min": 0.02894041736,
      "max": 0.047657085360000004,
      "times": [
        0.034510272360000004,
        0.047657085360000004,
        0.02894041736,
        0.03415651136,
        0.034132581360000004,
        0.02934452636,
        0.03437162136,
        0.03574667236,
        0.03365423136,
        0.02995193736,
        0.03997981736,
        0.02971535736,
        0.029773207359999998
      ],
      "exit_codes": [
        0,
        0,
        0,
        0,
        0,
        0,
        0,
        0,
        0,
        0,
        0,
        0,
        0
      ]
    },
    {
      "command": "16,",
      "mean": 0.06903965136000001,
      "stddev": 0.031020677819947166,
      "median": 0.060630028360000005,
      "user": 1.5499425890909089,
      "system": 0.01537844727272727,
      "min": 0.05196487936,
      "max": 0.16148072036,
      "times": [
        0.06528849336,
        0.06292692036,
        0.06557161336,
        0.05196487936,
        0.05669875436,
        0.05607322436,
        0.16148072036,
        0.06597627336,
        0.060630028360000005,
        0.05517851236,
        0.05764674536
      ],
      "exit_codes": [
        0,
        0,
        0,
        0,
        0,
        0,
        0,
        0,
        0,
        0,
        0
      ]
    },
    {
      "command": "32,",
      "mean": 0.14789914861,
      "stddev": 0.0018993105987856116,
      "median": 0.14715151986000002,
      "user": 3.454767305,
      "system": 0.015326345,
      "min": 0.14566928436,
      "max": 0.15073082936,
      "times": [
        0.15063106936,
        0.14704875436,
        0.14856941736,
        0.14725428536000001,
        0.14682137436,
        0.14646817436,
        0.15073082936,
        0.14566928436
      ],
      "exit_codes": [
        0,
        0,
        0,
        0,
        0,
        0,
        0,
        0
      ]
    },
    {
      "command": "64,",
      "mean": 0.48069405211000005,
      "stddev": 0.0020780480251295598,
      "median": 0.48016743136000006,
      "user": 11.406675929999999,
      "system": 0.03354997,
      "min": 0.4788128803600001,
      "max": 0.48362846536000004,
      "times": [
        0.48052141136000004,
        0.4788128803600001,
        0.47981345136000003,
        0.48362846536000004
      ],
      "exit_codes": [
        0,
        0,
        0,
        0
      ]
    },
    {
      "command": "128,",
      "mean": 1.7685730810266664,
      "stddev": 0.004191163484014694,
      "median": 1.76984697236,
      "user": 42.14690934666667,
      "system": 0.03457372,
      "min": 1.7638927763599999,
      "max": 1.77197949436,
      "times": [
        1.7638927763599999,
        1.77197949436,
        1.76984697236
      ],
      "exit_codes": [
        0,
        0,
        0
      ]
    },
    {
      "command": "256,",
      "mean": 6.86244048536,
      "stddev": 0.0019849581380292913,
      "median": 6.86288051036,
      "user": 163.83807768,
      "system": 0.04882972,
      "min": 6.86027243736,
      "max": 6.86416850836,
      "times": [
        6.86027243736,
        6.86288051036,
        6.86416850836
      ],
      "exit_codes": [
        0,
        0,
        0
      ]
    },
    {
      "command": "512,",
      "mean": 27.895225872359998,
      "stddev": 0.005606014385904618,
      "median": 27.89588404936,
      "user": 666.0175923466667,
      "system": 0.13072738666666664,
      "min": 27.88931982236,
      "max": 27.90047374536,
      "times": [
        27.90047374536,
        27.88931982236,
        27.89588404936
      ],
      "exit_codes": [
        0,
        0,
        0
      ]
    },
    {
      "command": "1024,",
      "mean": 111.87058874802666,
      "stddev": 0.06101536409539517,
      "median": 111.90070860236,
      "user": 2671.4166730133334,
      "system": 0.47990372,
      "min": 111.80037022736,
      "max": 111.91068741436,
      "times": [
        111.90070860236,
        111.91068741436,
        111.80037022736
      ],
      "exit_codes": [
        0,
        0,
        0
      ]
    },
    {
      "command": "2048,",
      "mean": 446.98260610136003,
      "stddev": 0.23490012194707197,
      "median": 446.87634926036003,
      "user": 10673.79313868,
      "system": 1.8468880533333332,
      "min": 446.81960914136,
      "max": 447.25185990236,
      "times": [
        447.25185990236,
        446.81960914136,
        446.87634926036003
      ],
      "exit_codes": [
        0,
        0,
        0
      ]
    },
    {
      "command": "4096,",
      "mean": 1787.8172702846932,
      "stddev": 0.5582335928376108,
      "median": 1787.76693378936,
      "user": 42691.94182468,
      "system": 6.42657272,
      "min": 1787.28590962736,
      "max": 1788.3989674373602,
      "times": [
        1787.76693378936,
        1788.3989674373602,
        1787.28590962736
      ],
      "exit_codes": [
        0,
        0,
        0
      ]
    }
  ]
}
