{
  "results": [
    {
      "command": "1",
      "mean": 195.63081596494004,
      "stddev": 0.8290357255401656,
      "median": 195.96006466114,
      "user": 193.99441285999995,
      "system": 1.1531481,
      "min": 194.60002473664002,
      "max": 196.84164986464,
      "times": [
        195.88535160864,
        194.65683670564002,
        196.08411793664,
        196.46181534064002,
        194.60002473664002,
        196.03477771364,
        194.62665966764,
        196.09025309564,
        196.84164986464,
        195.02667297964
      ],
      "exit_codes": [
        0,
        0,
        0,
        0,
        0,
        0,
        0,
        0,
        0,
        0
      ]
    },
    {
      "command": "2",
      "mean": 98.81686943214,
      "stddev": 0.2727367548237723,
      "median": 98.74361714214,
      "user": 191.70352395999998,
      "system": 1.1505642999999999,
      "min": 98.48177798264,
      "max": 99.45391944564,
      "times": [
        98.68534063663999,
        98.79249840864,
        98.61979098164,
        98.87631570463999,
        98.48177798264,
        98.69473587563999,
        98.68684201664,
        99.06029840363999,
        98.81717486564,
        99.45391944564
      ],
      "exit_codes": [
        0,
        0,
        0,
        0,
        0,
        0,
        0,
        0,
        0,
        0
      ]
    },
    {
      "command": "3",
      "mean": 66.30685319343999,
      "stddev": 0.23007291697718424,
      "median": 66.37216094563999,
      "user": 190.97003985999999,
      "system": 1.1432126999999999,
      "min": 65.92746101264,
      "max": 66.55850576963999,
      "times": [
        65.92746101264,
        66.08305345664,
        66.47409901864,
        66.35593084464,
        66.38839104664,
        66.50119038964,
        66.32623960064,
        66.55850576963999,
        66.48282832564,
        65.97083246964
      ],
      "exit_codes": [
        0,
        0,
        0,
        0,
        0,
        0,
        0,
        0,
        0,
        0
      ]
    },
    {
      "command": "6",
      "mean": 36.225636361839996,
      "stddev": 0.11918802448726339,
      "median": 36.21932934714,
      "user": 203.51008685999997,
      "system": 1.1417972,
      "min": 36.09275769264,
      "max": 36.445687929639995,
      "times": [
        36.445687929639995,
        36.183848855639994,
        36.09323189464,
        36.10084926364,
        36.09275769264,
        36.24178044064,
        36.28114566964,
        36.244940882639995,
        36.37524273564,
        36.196878253639994
      ],
      "exit_codes": [
        0,
        0,
        0,
        0,
        0,
        0,
        0,
        0,
        0,
        0
      ]
    },
    {
      "command": "12",
      "mean": 30.264490945340004,
      "stddev": 0.09374157035300242,
      "median": 30.24468333914,
      "user": 336.88896966,
      "system": 1.1623050000000001,
      "min": 30.10365838464,
      "max": 30.47267896164,
      "times": [
        30.32406844464,
        30.47267896164,
        30.25414854364,
        30.24219046064,
        30.22457668964,
        30.10365838464,
        30.235597556640002,
        30.23215501964,
        30.24717621764,
        30.308659174640002
      ],
      "exit_codes": [
        0,
        0,
        0,
        0,
        0,
        0,
        0,
        0,
        0,
        0
      ]
    },
    {
      "command": "18",
      "mean": 30.956996364640002,
      "stddev": 0.04134617529677426,
      "median": 30.94819548314,
      "user": 466.92327155999993,
      "system": 1.1575195,
      "min": 30.89611944964,
      "max": 31.01711229364,
      "times": [
        30.93896488064,
        30.92756203164,
        30.89611944964,
        30.92404041364,
        31.01711229364,
        30.95742608564,
        30.988008324640003,
        30.92472032764,
        31.01251269464,
        30.98349714464
      ],
      "exit_codes": [
        0,
        0,
        0,
        0,
        0,
        0,
        0,
        0,
        0,
        0
      ]
    },
    {
      "command": "24",
      "mean": 31.550536639539995,
      "stddev": 0.07902626091354714,
      "median": 31.57548284414,
      "user": 688.9080816600001,
      "system": 1.1849801999999998,
      "min": 31.44551290664,
      "max": 31.658274774640002,
      "times": [
        31.44551290664,
        31.586451668640002,
        31.49617473064,
        31.58421015964,
        31.46865220064,
        31.63239335164,
        31.56675552864,
        31.61695319364,
        31.658274774640002,
        31.449987880640002
      ],
      "exit_codes": [
        0,
        0,
        0,
        0,
        0,
        0,
        0,
        0,
        0,
        0
      ]
    }
  ]
}
