threads,mean,stddev,median,user,system,min,max
1,195.63081596494004,0.8290357255401656,195.96006466114,193.99441285999995,1.1531481,194.60002473664002,196.84164986464
2,98.81686943214,0.2727367548237723,98.74361714214,191.70352395999998,1.1505642999999999,98.48177798264,99.45391944564
3,66.30685319343999,0.23007291697718424,66.37216094563999,190.97003985999999,1.1432126999999999,65.92746101264,66.55850576963999
6,36.225636361839996,0.11918802448726339,36.21932934714,203.51008685999997,1.1417972,36.09275769264,36.445687929639995
12,30.264490945340004,0.09374157035300242,30.24468333914,336.88896966,1.1623050000000001,30.10365838464,30.47267896164
18,30.956996364640002,0.04134617529677426,30.94819548314,466.92327155999993,1.1575195,30.89611944964,31.01711229364
24,31.550536639539995,0.07902626091354714,31.57548284414,688.9080816600001,1.1849801999999998,31.44551290664,31.658274774640002
