threads,partdiff - clang,partdiff_blatt3_threaded – clang,partdiff_orig – clang,partdiff - gcc,partdiff_blatt3_threaded – gcc,partdiff_orig – gcc
1,179.39959085384,175.72608776044,172.19151149064,171.31972296214,35.17350047884,171.67720489554
2,90.49036261484,88.74163652064,172.19151149064,86.32766707104,18.27218406554,171.67720489554
3,60.98463024794,59.77286485794,172.19151149064,58.20391471184,12.69354787644,171.67720489554
6,31.30536285684,30.95138420764,172.19151149064,30.02385867624,7.41312455584,171.67720489554
12,17.17108462714,17.16833672074,172.19151149064,16.57227787534,6.59083816754,171.67720489554
18,15.75244010994,15.66766768944,172.19151149064,14.97475997204,6.57473246744,171.67720489554
24,13.59636255804,13.43685195684,172.19151149064,12.71239818884,6.46202157794,171.67720489554
